[{"title":"sAy sOMETHINg.flac","value":["loadfile",".\\sAy sOMETHINg.flac"],"hint":""},{"title":"out.mp4","value":["loadfile",".\\out.mp4"],"hint":""},{"value":["loadfile","C:\\Users\\O_0\\Music\\sAy sOMETHINg.flac"],"title":"sAy sOMETHINg.flac","hint":""},{"value":["loadfile","O:\\Videos\\[JySzE] Naruto [51-100] [v3] [R2J] [VFR] [Dual Audio] [x264]\\[JySzE] Naruto - 079 [v3].mkv"],"title":"[JySzE] Naruto - 079 [v3].mkv","hint":""},{"value":["loadfile","C:\\Users\\O_0\\Music\\Ponyo on the Cliff by the Sea (Full Japanese Theme Song).webm"],"title":"Ponyo on the Cliff by the Sea (Full Japanese Theme Song).webm","hint":""},{"value":["loadfile",".\\10.  - sAy sOMETHINg  [E].flac"],"title":"10.  - sAy sOMETHINg  [E].flac","hint":"sAy sOMETHINg"},{"value":["loadfile","C:\\Users\\O_0\\Music\\10.  - sAy sOMETHINg  [E].flac"],"title":"10.  - sAy sOMETHINg  [E].flac","hint":"sAy sOMETHINg"},{"value":["loadfile",".\\default_old_ORG_DISPAY.png"],"title":"default_old_ORG_DISPAY.png","hint":""},{"value":["loadfile","C:\\Users\\O_0\\Documents\\document\\unknown (1).png"],"title":"unknown (1).png","hint":""},{"value":["loadfile","2023-03-10_01-34-58.mov"],"title":"2023-03-10_01-34-58.mov","hint":""},{"value":["loadfile","C:\\Users\\O_0\\Documents\\document\\DarkPoster-hires.png"],"title":"DarkPoster-hires.png","hint":""},{"value":["loadfile","C:\\Users\\O_0\\Documents\\document\\dev-resorces.jpg"],"title":"dev-resorces.jpg","hint":""},{"value":["loadfile","C:\\Users\\O_0\\Videos\\editor\\2023-03-10_01-34-58.mov"],"title":"2023-03-10_01-34-58.mov","hint":""},{"value":["loadfile","C:\\Users\\O_0\\Videos\\editor\\goku-term.mkv"],"title":"goku-term.mkv","hint":""},{"value":["loadfile",".\\2023-03-10_01-28-21.mov"],"title":"2023-03-10_01-28-21.mov","hint":""},{"value":["loadfile","C:\\Users\\O_0\\Music\\0xo\\Nas\\One Mic, One Gun\\One Mic, One Gun -  Nas.ogg"],"title":"One Mic, One Gun -  Nas.ogg","hint":"One Mic, One Gun"},{"value":["loadfile","C:\\Users\\O_0\\Music\\0xo\\Metro Boomin\\HEROES & VILLAINS\\Creepin' (with The Weeknd & 21 Savage) -  Metro Boomin.ogg"],"title":"Creepin' (with The Weeknd & 21 Savage) -  Metro Boomin","hint":"Creepin' (with The Weeknd & 21 Sa"},{"value":["loadfile","https://www.youtube.com/watch?v=5MWo2dxPcJQ"],"title":"Daily Routine Village Life in Afghanistan | Cooking Ru","hint":"watch?v=5MWo2dxPcJQ"},{"value":["loadfile","https://www.youtube.com/watch?v=O7DkPBVMfn4"],"title":"Village Lifestyle of Afghanistan - Cozy And Snowy Cold","hint":"watch?v=O7DkPBVMfn4"},{"value":["loadfile","https://www.youtube.com/watch?v=V0FmPrimiXE"],"title":"हमारे गाँव में जबरजस्त होली कै","hint":"watch?v=V0FmPrimiXE"}]